==1969115== NVPROF is profiling process 1969115, command: /home/share/benchmarks/stream/cuda-stream -s 400000000 -n 2
==1969115== Some kernel(s) will be replayed on device 0 in order to collect all events/metrics.
==1969115== Profiling application: /home/share/benchmarks/stream/cuda-stream -s 400000000 -n 2
==1969115== Profiling result:
==1969115== Metric result:
"Device","Kernel","Invocations","Metric Name","Metric Description","Min","Max","Avg"
"NVIDIA TITAN V (0)","void mul_kernel<double>(double*, double const *)",2,"warp_execution_efficiency","Warp Execution Efficiency",100.000000%,100.000000%,100.000000%
"NVIDIA TITAN V (0)","void mul_kernel<double>(double*, double const *)",2,"gld_throughput","Global Load Throughput",279.339935GB/s,279.340354GB/s,279.340145GB/s
"NVIDIA TITAN V (0)","void mul_kernel<double>(double*, double const *)",2,"gst_throughput","Global Store Throughput",279.339935GB/s,279.340354GB/s,279.340145GB/s
"NVIDIA TITAN V (0)","void mul_kernel<double>(double*, double const *)",2,"dram_read_throughput","Device Memory Read Throughput",279.339949GB/s,279.340368GB/s,279.340159GB/s
"NVIDIA TITAN V (0)","void mul_kernel<double>(double*, double const *)",2,"dram_write_throughput","Device Memory Write Throughput",279.325527GB/s,279.328829GB/s,279.327178GB/s
"NVIDIA TITAN V (0)","void mul_kernel<double>(double*, double const *)",2,"tex_cache_throughput","Unified cache to Multiprocessor throughput",419.009903GB/s,419.010532GB/s,419.010217GB/s
"NVIDIA TITAN V (0)","void mul_kernel<double>(double*, double const *)",2,"l2_read_throughput","L2 Throughput (Reads)",279.340204GB/s,279.342097GB/s,279.341151GB/s
"NVIDIA TITAN V (0)","void mul_kernel<double>(double*, double const *)",2,"l2_write_throughput","L2 Throughput (Writes)",279.339980GB/s,279.340399GB/s,279.340190GB/s
"NVIDIA TITAN V (0)","void mul_kernel<double>(double*, double const *)",2,"sysmem_read_throughput","System Memory Read Throughput",0.000000B/s,0.000000B/s,0.000000B/s
"NVIDIA TITAN V (0)","void mul_kernel<double>(double*, double const *)",2,"sysmem_write_throughput","System Memory Write Throughput",14.644531KB/s,14.644531KB/s,14.643555KB/s
"NVIDIA TITAN V (0)","void mul_kernel<double>(double*, double const *)",2,"local_load_throughput","Local Memory Load Throughput",0.000000B/s,0.000000B/s,0.000000B/s
"NVIDIA TITAN V (0)","void mul_kernel<double>(double*, double const *)",2,"local_store_throughput","Local Memory Store Throughput",0.000000B/s,0.000000B/s,0.000000B/s
"NVIDIA TITAN V (0)","void mul_kernel<double>(double*, double const *)",2,"shared_load_throughput","Shared Memory Load Throughput",0.000000B/s,0.000000B/s,0.000000B/s
"NVIDIA TITAN V (0)","void mul_kernel<double>(double*, double const *)",2,"shared_store_throughput","Shared Memory Store Throughput",0.000000B/s,0.000000B/s,0.000000B/s
"NVIDIA TITAN V (0)","void mul_kernel<double>(double*, double const *)",2,"l2_atomic_throughput","L2 Throughput (Atomic requests)",0.000000B/s,0.000000B/s,0.000000B/s
"NVIDIA TITAN V (0)","void mul_kernel<double>(double*, double const *)",2,"ipc","Executed IPC",0.131063,0.131082,0.131073
"NVIDIA TITAN V (0)","void mul_kernel<double>(double*, double const *)",2,"sm_efficiency","Multiprocessor Activity",99.933708%,99.939084%,99.936396%
"NVIDIA TITAN V (0)","void mul_kernel<double>(double*, double const *)",2,"achieved_occupancy","Achieved Occupancy",0.862896,0.862911,0.862903
"NVIDIA TITAN V (0)","void triad_kernel<double>(double*, double const *, double const *)",2,"warp_execution_efficiency","Warp Execution Efficiency",100.000000%,100.000000%,100.000000%
"NVIDIA TITAN V (0)","void triad_kernel<double>(double*, double const *, double const *)",2,"gld_throughput","Global Load Throughput",385.460208GB/s,385.467387GB/s,385.463798GB/s
"NVIDIA TITAN V (0)","void triad_kernel<double>(double*, double const *, double const *)",2,"gst_throughput","Global Store Throughput",192.730104GB/s,192.733694GB/s,192.731899GB/s
"NVIDIA TITAN V (0)","void triad_kernel<double>(double*, double const *, double const *)",2,"dram_read_throughput","Device Memory Read Throughput",385.460218GB/s,385.468322GB/s,385.464270GB/s
"NVIDIA TITAN V (0)","void triad_kernel<double>(double*, double const *, double const *)",2,"dram_write_throughput","Device Memory Write Throughput",192.726508GB/s,192.729835GB/s,192.728171GB/s
"NVIDIA TITAN V (0)","void triad_kernel<double>(double*, double const *, double const *)",2,"tex_cache_throughput","Unified cache to Multiprocessor throughput",481.825260GB/s,481.834234GB/s,481.829747GB/s
"NVIDIA TITAN V (0)","void triad_kernel<double>(double*, double const *, double const *)",2,"l2_read_throughput","L2 Throughput (Reads)",385.460455GB/s,385.469037GB/s,385.464746GB/s
"NVIDIA TITAN V (0)","void triad_kernel<double>(double*, double const *, double const *)",2,"l2_write_throughput","L2 Throughput (Writes)",192.730135GB/s,192.733724GB/s,192.731930GB/s
"NVIDIA TITAN V (0)","void triad_kernel<double>(double*, double const *, double const *)",2,"sysmem_read_throughput","System Memory Read Throughput",0.000000B/s,0.000000B/s,0.000000B/s
"NVIDIA TITAN V (0)","void triad_kernel<double>(double*, double const *, double const *)",2,"sysmem_write_throughput","System Memory Write Throughput",10.104492KB/s,10.104492KB/s,10.103516KB/s
"NVIDIA TITAN V (0)","void triad_kernel<double>(double*, double const *, double const *)",2,"local_load_throughput","Local Memory Load Throughput",0.000000B/s,0.000000B/s,0.000000B/s
"NVIDIA TITAN V (0)","void triad_kernel<double>(double*, double const *, double const *)",2,"local_store_throughput","Local Memory Store Throughput",0.000000B/s,0.000000B/s,0.000000B/s
"NVIDIA TITAN V (0)","void triad_kernel<double>(double*, double const *, double const *)",2,"shared_load_throughput","Shared Memory Load Throughput",0.000000B/s,0.000000B/s,0.000000B/s
"NVIDIA TITAN V (0)","void triad_kernel<double>(double*, double const *, double const *)",2,"shared_store_throughput","Shared Memory Store Throughput",0.000000B/s,0.000000B/s,0.000000B/s
"NVIDIA TITAN V (0)","void triad_kernel<double>(double*, double const *, double const *)",2,"l2_atomic_throughput","L2 Throughput (Atomic requests)",0.000000B/s,0.000000B/s,0.000000B/s
"NVIDIA TITAN V (0)","void triad_kernel<double>(double*, double const *, double const *)",2,"ipc","Executed IPC",0.105432,0.105470,0.105451
"NVIDIA TITAN V (0)","void triad_kernel<double>(double*, double const *, double const *)",2,"sm_efficiency","Multiprocessor Activity",99.956440%,99.957538%,99.956989%
"NVIDIA TITAN V (0)","void triad_kernel<double>(double*, double const *, double const *)",2,"achieved_occupancy","Achieved Occupancy",0.875731,0.876603,0.876167
"NVIDIA TITAN V (0)","void init_kernel<double>(double*, double*, double*, double, double, double)",1,"warp_execution_efficiency","Warp Execution Efficiency",100.000000%,100.000000%,100.000000%
"NVIDIA TITAN V (0)","void init_kernel<double>(double*, double*, double*, double, double, double)",1,"gld_throughput","Global Load Throughput",0.000000B/s,0.000000B/s,0.000000B/s
"NVIDIA TITAN V (0)","void init_kernel<double>(double*, double*, double*, double, double, double)",1,"gst_throughput","Global Store Throughput",606.425871GB/s,606.425871GB/s,606.425871GB/s
"NVIDIA TITAN V (0)","void init_kernel<double>(double*, double*, double*, double, double, double)",1,"dram_read_throughput","Device Memory Read Throughput",296.745117KB/s,296.745117KB/s,296.744141KB/s
"NVIDIA TITAN V (0)","void init_kernel<double>(double*, double*, double*, double, double, double)",1,"dram_write_throughput","Device Memory Write Throughput",606.403391GB/s,606.403391GB/s,606.403391GB/s
"NVIDIA TITAN V (0)","void init_kernel<double>(double*, double*, double*, double, double, double)",1,"tex_cache_throughput","Unified cache to Multiprocessor throughput",101.070979GB/s,101.070979GB/s,101.070979GB/s
"NVIDIA TITAN V (0)","void init_kernel<double>(double*, double*, double*, double, double, double)",1,"l2_read_throughput","L2 Throughput (Reads)",6.135283MB/s,6.135283MB/s,6.135282MB/s
"NVIDIA TITAN V (0)","void init_kernel<double>(double*, double*, double*, double, double, double)",1,"l2_write_throughput","L2 Throughput (Writes)",606.425904GB/s,606.425904GB/s,606.425904GB/s
"NVIDIA TITAN V (0)","void init_kernel<double>(double*, double*, double*, double, double, double)",1,"sysmem_read_throughput","System Memory Read Throughput",0.000000B/s,0.000000B/s,0.000000B/s
"NVIDIA TITAN V (0)","void init_kernel<double>(double*, double*, double*, double, double, double)",1,"sysmem_write_throughput","System Memory Write Throughput",10.597656KB/s,10.597656KB/s,10.596680KB/s
"NVIDIA TITAN V (0)","void init_kernel<double>(double*, double*, double*, double, double, double)",1,"local_load_throughput","Local Memory Load Throughput",0.000000B/s,0.000000B/s,0.000000B/s
"NVIDIA TITAN V (0)","void init_kernel<double>(double*, double*, double*, double, double, double)",1,"local_store_throughput","Local Memory Store Throughput",0.000000B/s,0.000000B/s,0.000000B/s
"NVIDIA TITAN V (0)","void init_kernel<double>(double*, double*, double*, double, double, double)",1,"shared_load_throughput","Shared Memory Load Throughput",0.000000B/s,0.000000B/s,0.000000B/s
"NVIDIA TITAN V (0)","void init_kernel<double>(double*, double*, double*, double, double, double)",1,"shared_store_throughput","Shared Memory Store Throughput",0.000000B/s,0.000000B/s,0.000000B/s
"NVIDIA TITAN V (0)","void init_kernel<double>(double*, double*, double*, double, double, double)",1,"l2_atomic_throughput","L2 Throughput (Atomic requests)",0.000000B/s,0.000000B/s,0.000000B/s
"NVIDIA TITAN V (0)","void init_kernel<double>(double*, double*, double*, double, double, double)",1,"ipc","Executed IPC",0.150196,0.150196,0.150196
"NVIDIA TITAN V (0)","void init_kernel<double>(double*, double*, double*, double, double, double)",1,"sm_efficiency","Multiprocessor Activity",99.951906%,99.951906%,99.951906%
"NVIDIA TITAN V (0)","void init_kernel<double>(double*, double*, double*, double, double, double)",1,"achieved_occupancy","Achieved Occupancy",0.825063,0.825063,0.825063
"NVIDIA TITAN V (0)","void add_kernel<double>(double const *, double const *, double*)",2,"warp_execution_efficiency","Warp Execution Efficiency",100.000000%,100.000000%,100.000000%
"NVIDIA TITAN V (0)","void add_kernel<double>(double const *, double const *, double*)",2,"gld_throughput","Global Load Throughput",385.482794GB/s,385.488777GB/s,385.485785GB/s
"NVIDIA TITAN V (0)","void add_kernel<double>(double const *, double const *, double*)",2,"gst_throughput","Global Store Throughput",192.741397GB/s,192.744389GB/s,192.742893GB/s
"NVIDIA TITAN V (0)","void add_kernel<double>(double const *, double const *, double*)",2,"dram_read_throughput","Device Memory Read Throughput",385.482803GB/s,385.489696GB/s,385.486250GB/s
"NVIDIA TITAN V (0)","void add_kernel<double>(double const *, double const *, double*)",2,"dram_write_throughput","Device Memory Write Throughput",192.738409GB/s,192.741501GB/s,192.739955GB/s
"NVIDIA TITAN V (0)","void add_kernel<double>(double const *, double const *, double*)",2,"tex_cache_throughput","Unified cache to Multiprocessor throughput",481.853492GB/s,481.860971GB/s,481.857232GB/s
"NVIDIA TITAN V (0)","void add_kernel<double>(double const *, double const *, double*)",2,"l2_read_throughput","L2 Throughput (Reads)",385.482979GB/s,385.489826GB/s,385.486402GB/s
"NVIDIA TITAN V (0)","void add_kernel<double>(double const *, double const *, double*)",2,"l2_write_throughput","L2 Throughput (Writes)",192.741428GB/s,192.744419GB/s,192.742923GB/s
"NVIDIA TITAN V (0)","void add_kernel<double>(double const *, double const *, double*)",2,"sysmem_read_throughput","System Memory Read Throughput",0.000000B/s,0.000000B/s,0.000000B/s
"NVIDIA TITAN V (0)","void add_kernel<double>(double const *, double const *, double*)",2,"sysmem_write_throughput","System Memory Write Throughput",10.104492KB/s,10.104492KB/s,10.103516KB/s
"NVIDIA TITAN V (0)","void add_kernel<double>(double const *, double const *, double*)",2,"local_load_throughput","Local Memory Load Throughput",0.000000B/s,0.000000B/s,0.000000B/s
"NVIDIA TITAN V (0)","void add_kernel<double>(double const *, double const *, double*)",2,"local_store_throughput","Local Memory Store Throughput",0.000000B/s,0.000000B/s,0.000000B/s
"NVIDIA TITAN V (0)","void add_kernel<double>(double const *, double const *, double*)",2,"shared_load_throughput","Shared Memory Load Throughput",0.000000B/s,0.000000B/s,0.000000B/s
"NVIDIA TITAN V (0)","void add_kernel<double>(double const *, double const *, double*)",2,"shared_store_throughput","Shared Memory Store Throughput",0.000000B/s,0.000000B/s,0.000000B/s
"NVIDIA TITAN V (0)","void add_kernel<double>(double const *, double const *, double*)",2,"l2_atomic_throughput","L2 Throughput (Atomic requests)",0.000000B/s,0.000000B/s,0.000000B/s
"NVIDIA TITAN V (0)","void add_kernel<double>(double const *, double const *, double*)",2,"ipc","Executed IPC",0.105468,0.105472,0.105470
"NVIDIA TITAN V (0)","void add_kernel<double>(double const *, double const *, double*)",2,"sm_efficiency","Multiprocessor Activity",99.953607%,99.956090%,99.954849%
"NVIDIA TITAN V (0)","void add_kernel<double>(double const *, double const *, double*)",2,"achieved_occupancy","Achieved Occupancy",0.875656,0.875851,0.875753
"NVIDIA TITAN V (0)","void copy_kernel<double>(double const *, double*)",2,"warp_execution_efficiency","Warp Execution Efficiency",100.000000%,100.000000%,100.000000%
"NVIDIA TITAN V (0)","void copy_kernel<double>(double const *, double*)",2,"gld_throughput","Global Load Throughput",279.356693GB/s,279.372327GB/s,279.364510GB/s
"NVIDIA TITAN V (0)","void copy_kernel<double>(double const *, double*)",2,"gst_throughput","Global Store Throughput",279.356693GB/s,279.372327GB/s,279.364510GB/s
"NVIDIA TITAN V (0)","void copy_kernel<double>(double const *, double*)",2,"dram_read_throughput","Device Memory Read Throughput",279.359836GB/s,279.372341GB/s,279.366089GB/s
"NVIDIA TITAN V (0)","void copy_kernel<double>(double const *, double*)",2,"dram_write_throughput","Device Memory Write Throughput",279.345413GB/s,279.364142GB/s,279.354777GB/s
"NVIDIA TITAN V (0)","void copy_kernel<double>(double const *, double*)",2,"tex_cache_throughput","Unified cache to Multiprocessor throughput",419.035040GB/s,419.058491GB/s,419.046765GB/s
"NVIDIA TITAN V (0)","void copy_kernel<double>(double const *, double*)",2,"l2_read_throughput","L2 Throughput (Reads)",279.356962GB/s,279.376272GB/s,279.366617GB/s
"NVIDIA TITAN V (0)","void copy_kernel<double>(double const *, double*)",2,"l2_write_throughput","L2 Throughput (Writes)",279.356738GB/s,279.372372GB/s,279.364555GB/s
"NVIDIA TITAN V (0)","void copy_kernel<double>(double const *, double*)",2,"sysmem_read_throughput","System Memory Read Throughput",0.000000B/s,0.000000B/s,0.000000B/s
"NVIDIA TITAN V (0)","void copy_kernel<double>(double const *, double*)",2,"sysmem_write_throughput","System Memory Write Throughput",14.645508KB/s,14.646484KB/s,14.645508KB/s
"NVIDIA TITAN V (0)","void copy_kernel<double>(double const *, double*)",2,"local_load_throughput","Local Memory Load Throughput",0.000000B/s,0.000000B/s,0.000000B/s
"NVIDIA TITAN V (0)","void copy_kernel<double>(double const *, double*)",2,"local_store_throughput","Local Memory Store Throughput",0.000000B/s,0.000000B/s,0.000000B/s
"NVIDIA TITAN V (0)","void copy_kernel<double>(double const *, double*)",2,"shared_load_throughput","Shared Memory Load Throughput",0.000000B/s,0.000000B/s,0.000000B/s
"NVIDIA TITAN V (0)","void copy_kernel<double>(double const *, double*)",2,"shared_store_throughput","Shared Memory Store Throughput",0.000000B/s,0.000000B/s,0.000000B/s
"NVIDIA TITAN V (0)","void copy_kernel<double>(double const *, double*)",2,"l2_atomic_throughput","L2 Throughput (Atomic requests)",0.000000B/s,0.000000B/s,0.000000B/s
"NVIDIA TITAN V (0)","void copy_kernel<double>(double const *, double*)",2,"ipc","Executed IPC",0.120179,0.120182,0.120181
"NVIDIA TITAN V (0)","void copy_kernel<double>(double const *, double*)",2,"sm_efficiency","Multiprocessor Activity",99.933597%,99.937832%,99.935714%
"NVIDIA TITAN V (0)","void copy_kernel<double>(double const *, double*)",2,"achieved_occupancy","Achieved Occupancy",0.862260,0.862808,0.862534
"NVIDIA TITAN V (0)","void dot_kernel<double>(double const *, double const *, double*, unsigned int)",2,"warp_execution_efficiency","Warp Execution Efficiency",99.999019%,99.999019%,99.999019%
"NVIDIA TITAN V (0)","void dot_kernel<double>(double const *, double const *, double*, unsigned int)",2,"gld_throughput","Global Load Throughput",603.773480GB/s,603.779352GB/s,603.776416GB/s
"NVIDIA TITAN V (0)","void dot_kernel<double>(double const *, double const *, double*, unsigned int)",2,"gst_throughput","Global Store Throughput",810.370117KB/s,810.378906KB/s,810.374023KB/s
"NVIDIA TITAN V (0)","void dot_kernel<double>(double const *, double const *, double*, unsigned int)",2,"dram_read_throughput","Device Memory Read Throughput",603.778169GB/s,603.779488GB/s,603.778828GB/s
"NVIDIA TITAN V (0)","void dot_kernel<double>(double const *, double const *, double*, unsigned int)",2,"dram_write_throughput","Device Memory Write Throughput",734.398438KB/s,227.248250MB/s,113.982166MB/s
"NVIDIA TITAN V (0)","void dot_kernel<double>(double const *, double const *, double*, unsigned int)",2,"tex_cache_throughput","Unified cache to Multiprocessor throughput",604.289731GB/s,604.295607GB/s,604.292669GB/s
"NVIDIA TITAN V (0)","void dot_kernel<double>(double const *, double const *, double*, unsigned int)",2,"l2_read_throughput","L2 Throughput (Reads)",603.773843GB/s,603.779642GB/s,603.776742GB/s
"NVIDIA TITAN V (0)","void dot_kernel<double>(double const *, double const *, double*, unsigned int)",2,"l2_write_throughput","L2 Throughput (Writes)",861.018555KB/s,861.027344KB/s,861.022461KB/s
"NVIDIA TITAN V (0)","void dot_kernel<double>(double const *, double const *, double*, unsigned int)",2,"sysmem_read_throughput","System Memory Read Throughput",0.000000B/s,0.000000B/s,0.000000B/s
"NVIDIA TITAN V (0)","void dot_kernel<double>(double const *, double const *, double*, unsigned int)",2,"sysmem_write_throughput","System Memory Write Throughput",15.827148KB/s,15.827148KB/s,15.826172KB/s
"NVIDIA TITAN V (0)","void dot_kernel<double>(double const *, double const *, double*, unsigned int)",2,"local_load_throughput","Local Memory Load Throughput",0.000000B/s,0.000000B/s,0.000000B/s
"NVIDIA TITAN V (0)","void dot_kernel<double>(double const *, double const *, double*, unsigned int)",2,"local_store_throughput","Local Memory Store Throughput",0.000000B/s,0.000000B/s,0.000000B/s
"NVIDIA TITAN V (0)","void dot_kernel<double>(double const *, double const *, double*, unsigned int)",2,"shared_load_throughput","Shared Memory Load Throughput",427.385359MB/s,427.393568MB/s,427.389462MB/s
"NVIDIA TITAN V (0)","void dot_kernel<double>(double const *, double const *, double*, unsigned int)",2,"shared_store_throughput","Shared Memory Store Throughput",630.616959MB/s,632.997249MB/s,631.807097MB/s
"NVIDIA TITAN V (0)","void dot_kernel<double>(double const *, double const *, double*, unsigned int)",2,"l2_atomic_throughput","L2 Throughput (Atomic requests)",0.000000B/s,0.000000B/s,0.000000B/s
"NVIDIA TITAN V (0)","void dot_kernel<double>(double const *, double const *, double*, unsigned int)",2,"ipc","Executed IPC",0.139989,0.140674,0.140331
"NVIDIA TITAN V (0)","void dot_kernel<double>(double const *, double const *, double*, unsigned int)",2,"sm_efficiency","Multiprocessor Activity",84.844177%,85.197870%,85.021024%
"NVIDIA TITAN V (0)","void dot_kernel<double>(double const *, double const *, double*, unsigned int)",2,"achieved_occupancy","Achieved Occupancy",0.994995,0.999911,0.997453
