==1969112== NVPROF is profiling process 1969112, command: /home/share/benchmarks/stream/cuda-stream -s 400000000 -n 2
==1969112== Some kernel(s) will be replayed on device 0 in order to collect all events/metrics.
==1969112== Profiling application: /home/share/benchmarks/stream/cuda-stream -s 400000000 -n 2
==1969112== Profiling result:
==1969112== Metric result:
"Device","Kernel","Invocations","Metric Name","Metric Description","Min","Max","Avg"
"NVIDIA TITAN V (0)","void mul_kernel<double>(double*, double const *)",2,"warp_execution_efficiency","Warp Execution Efficiency",100.000000%,100.000000%,100.000000%
"NVIDIA TITAN V (0)","void mul_kernel<double>(double*, double const *)",2,"gld_throughput","Global Load Throughput",279.360333GB/s,279.383091GB/s,279.371712GB/s
"NVIDIA TITAN V (0)","void mul_kernel<double>(double*, double const *)",2,"gst_throughput","Global Store Throughput",279.360333GB/s,279.383091GB/s,279.371712GB/s
"NVIDIA TITAN V (0)","void mul_kernel<double>(double*, double const *)",2,"dram_read_throughput","Device Memory Read Throughput",279.360347GB/s,279.384290GB/s,279.372318GB/s
"NVIDIA TITAN V (0)","void mul_kernel<double>(double*, double const *)",2,"dram_write_throughput","Device Memory Write Throughput",279.349422GB/s,279.370189GB/s,279.359805GB/s
"NVIDIA TITAN V (0)","void mul_kernel<double>(double*, double const *)",2,"tex_cache_throughput","Unified cache to Multiprocessor throughput",419.040500GB/s,419.074637GB/s,419.057568GB/s
"NVIDIA TITAN V (0)","void mul_kernel<double>(double*, double const *)",2,"l2_read_throughput","L2 Throughput (Reads)",279.363295GB/s,279.385058GB/s,279.374176GB/s
"NVIDIA TITAN V (0)","void mul_kernel<double>(double*, double const *)",2,"l2_write_throughput","L2 Throughput (Writes)",279.360378GB/s,279.383136GB/s,279.371757GB/s
"NVIDIA TITAN V (0)","void mul_kernel<double>(double*, double const *)",2,"sysmem_read_throughput","System Memory Read Throughput",0.000000B/s,0.000000B/s,0.000000B/s
"NVIDIA TITAN V (0)","void mul_kernel<double>(double*, double const *)",2,"sysmem_write_throughput","System Memory Write Throughput",14.646484KB/s,14.647461KB/s,14.646484KB/s
"NVIDIA TITAN V (0)","void mul_kernel<double>(double*, double const *)",2,"local_load_throughput","Local Memory Load Throughput",0.000000B/s,0.000000B/s,0.000000B/s
"NVIDIA TITAN V (0)","void mul_kernel<double>(double*, double const *)",2,"local_store_throughput","Local Memory Store Throughput",0.000000B/s,0.000000B/s,0.000000B/s
"NVIDIA TITAN V (0)","void mul_kernel<double>(double*, double const *)",2,"shared_load_throughput","Shared Memory Load Throughput",0.000000B/s,0.000000B/s,0.000000B/s
"NVIDIA TITAN V (0)","void mul_kernel<double>(double*, double const *)",2,"shared_store_throughput","Shared Memory Store Throughput",0.000000B/s,0.000000B/s,0.000000B/s
"NVIDIA TITAN V (0)","void mul_kernel<double>(double*, double const *)",2,"l2_atomic_throughput","L2 Throughput (Atomic requests)",0.000000B/s,0.000000B/s,0.000000B/s
"NVIDIA TITAN V (0)","void mul_kernel<double>(double*, double const *)",2,"ipc","Executed IPC",0.131120,0.131192,0.131156
"NVIDIA TITAN V (0)","void mul_kernel<double>(double*, double const *)",2,"sm_efficiency","Multiprocessor Activity",99.943704%,99.944886%,99.944295%
"NVIDIA TITAN V (0)","void mul_kernel<double>(double*, double const *)",2,"achieved_occupancy","Achieved Occupancy",0.862665,0.862943,0.862804
"NVIDIA TITAN V (0)","void triad_kernel<double>(double*, double const *, double const *)",2,"warp_execution_efficiency","Warp Execution Efficiency",100.000000%,100.000000%,100.000000%
"NVIDIA TITAN V (0)","void triad_kernel<double>(double*, double const *, double const *)",2,"gld_throughput","Global Load Throughput",385.579224GB/s,385.580820GB/s,385.580022GB/s
"NVIDIA TITAN V (0)","void triad_kernel<double>(double*, double const *, double const *)",2,"gst_throughput","Global Store Throughput",192.789612GB/s,192.790410GB/s,192.790011GB/s
"NVIDIA TITAN V (0)","void triad_kernel<double>(double*, double const *, double const *)",2,"dram_read_throughput","Device Memory Read Throughput",385.579233GB/s,385.581940GB/s,385.580587GB/s
"NVIDIA TITAN V (0)","void triad_kernel<double>(double*, double const *, double const *)",2,"dram_write_throughput","Device Memory Write Throughput",192.785513GB/s,192.786836GB/s,192.786174GB/s
"NVIDIA TITAN V (0)","void triad_kernel<double>(double*, double const *, double const *)",2,"tex_cache_throughput","Unified cache to Multiprocessor throughput",481.974030GB/s,481.976025GB/s,481.975027GB/s
"NVIDIA TITAN V (0)","void triad_kernel<double>(double*, double const *, double const *)",2,"l2_read_throughput","L2 Throughput (Reads)",385.581167GB/s,385.581422GB/s,385.581294GB/s
"NVIDIA TITAN V (0)","void triad_kernel<double>(double*, double const *, double const *)",2,"l2_write_throughput","L2 Throughput (Writes)",192.789643GB/s,192.790441GB/s,192.790042GB/s
"NVIDIA TITAN V (0)","void triad_kernel<double>(double*, double const *, double const *)",2,"sysmem_read_throughput","System Memory Read Throughput",0.000000B/s,0.000000B/s,0.000000B/s
"NVIDIA TITAN V (0)","void triad_kernel<double>(double*, double const *, double const *)",2,"sysmem_write_throughput","System Memory Write Throughput",10.107422KB/s,10.107422KB/s,10.106445KB/s
"NVIDIA TITAN V (0)","void triad_kernel<double>(double*, double const *, double const *)",2,"local_load_throughput","Local Memory Load Throughput",0.000000B/s,0.000000B/s,0.000000B/s
"NVIDIA TITAN V (0)","void triad_kernel<double>(double*, double const *, double const *)",2,"local_store_throughput","Local Memory Store Throughput",0.000000B/s,0.000000B/s,0.000000B/s
"NVIDIA TITAN V (0)","void triad_kernel<double>(double*, double const *, double const *)",2,"shared_load_throughput","Shared Memory Load Throughput",0.000000B/s,0.000000B/s,0.000000B/s
"NVIDIA TITAN V (0)","void triad_kernel<double>(double*, double const *, double const *)",2,"shared_store_throughput","Shared Memory Store Throughput",0.000000B/s,0.000000B/s,0.000000B/s
"NVIDIA TITAN V (0)","void triad_kernel<double>(double*, double const *, double const *)",2,"l2_atomic_throughput","L2 Throughput (Atomic requests)",0.000000B/s,0.000000B/s,0.000000B/s
"NVIDIA TITAN V (0)","void triad_kernel<double>(double*, double const *, double const *)",2,"ipc","Executed IPC",0.105552,0.117396,0.111474
"NVIDIA TITAN V (0)","void triad_kernel<double>(double*, double const *, double const *)",2,"sm_efficiency","Multiprocessor Activity",99.957652%,99.963944%,99.960798%
"NVIDIA TITAN V (0)","void triad_kernel<double>(double*, double const *, double const *)",2,"achieved_occupancy","Achieved Occupancy",0.866408,0.876630,0.871519
"NVIDIA TITAN V (0)","void init_kernel<double>(double*, double*, double*, double, double, double)",1,"warp_execution_efficiency","Warp Execution Efficiency",100.000000%,100.000000%,100.000000%
"NVIDIA TITAN V (0)","void init_kernel<double>(double*, double*, double*, double, double, double)",1,"gld_throughput","Global Load Throughput",0.000000B/s,0.000000B/s,0.000000B/s
"NVIDIA TITAN V (0)","void init_kernel<double>(double*, double*, double*, double, double, double)",1,"gst_throughput","Global Store Throughput",606.429614GB/s,606.429614GB/s,606.429614GB/s
"NVIDIA TITAN V (0)","void init_kernel<double>(double*, double*, double*, double, double, double)",1,"dram_read_throughput","Device Memory Read Throughput",8.477539KB/s,8.477539KB/s,8.476562KB/s
"NVIDIA TITAN V (0)","void init_kernel<double>(double*, double*, double*, double, double, double)",1,"dram_write_throughput","Device Memory Write Throughput",606.407918GB/s,606.407918GB/s,606.407918GB/s
"NVIDIA TITAN V (0)","void init_kernel<double>(double*, double*, double*, double, double, double)",1,"tex_cache_throughput","Unified cache to Multiprocessor throughput",101.071602GB/s,101.071602GB/s,101.071602GB/s
"NVIDIA TITAN V (0)","void init_kernel<double>(double*, double*, double*, double, double, double)",1,"l2_read_throughput","L2 Throughput (Reads)",203.483398KB/s,203.483398KB/s,203.482422KB/s
"NVIDIA TITAN V (0)","void init_kernel<double>(double*, double*, double*, double, double, double)",1,"l2_write_throughput","L2 Throughput (Writes)",606.429647GB/s,606.429647GB/s,606.429647GB/s
"NVIDIA TITAN V (0)","void init_kernel<double>(double*, double*, double*, double, double, double)",1,"sysmem_read_throughput","System Memory Read Throughput",0.000000B/s,0.000000B/s,0.000000B/s
"NVIDIA TITAN V (0)","void init_kernel<double>(double*, double*, double*, double, double, double)",1,"sysmem_write_throughput","System Memory Write Throughput",10.597656KB/s,10.597656KB/s,10.596680KB/s
"NVIDIA TITAN V (0)","void init_kernel<double>(double*, double*, double*, double, double, double)",1,"local_load_throughput","Local Memory Load Throughput",0.000000B/s,0.000000B/s,0.000000B/s
"NVIDIA TITAN V (0)","void init_kernel<double>(double*, double*, double*, double, double, double)",1,"local_store_throughput","Local Memory Store Throughput",0.000000B/s,0.000000B/s,0.000000B/s
"NVIDIA TITAN V (0)","void init_kernel<double>(double*, double*, double*, double, double, double)",1,"shared_load_throughput","Shared Memory Load Throughput",0.000000B/s,0.000000B/s,0.000000B/s
"NVIDIA TITAN V (0)","void init_kernel<double>(double*, double*, double*, double, double, double)",1,"shared_store_throughput","Shared Memory Store Throughput",0.000000B/s,0.000000B/s,0.000000B/s
"NVIDIA TITAN V (0)","void init_kernel<double>(double*, double*, double*, double, double, double)",1,"l2_atomic_throughput","L2 Throughput (Atomic requests)",0.000000B/s,0.000000B/s,0.000000B/s
"NVIDIA TITAN V (0)","void init_kernel<double>(double*, double*, double*, double, double, double)",1,"ipc","Executed IPC",0.150317,0.150317,0.150317
"NVIDIA TITAN V (0)","void init_kernel<double>(double*, double*, double*, double, double, double)",1,"sm_efficiency","Multiprocessor Activity",99.950570%,99.950570%,99.950570%
"NVIDIA TITAN V (0)","void init_kernel<double>(double*, double*, double*, double, double, double)",1,"achieved_occupancy","Achieved Occupancy",0.825359,0.825359,0.825359
"NVIDIA TITAN V (0)","void add_kernel<double>(double const *, double const *, double*)",2,"warp_execution_efficiency","Warp Execution Efficiency",100.000000%,100.000000%,100.000000%
"NVIDIA TITAN V (0)","void add_kernel<double>(double const *, double const *, double*)",2,"gld_throughput","Global Load Throughput",385.480799GB/s,385.496107GB/s,385.488453GB/s
"NVIDIA TITAN V (0)","void add_kernel<double>(double const *, double const *, double*)",2,"gst_throughput","Global Store Throughput",192.740400GB/s,192.748053GB/s,192.744226GB/s
"NVIDIA TITAN V (0)","void add_kernel<double>(double const *, double const *, double*)",2,"dram_read_throughput","Device Memory Read Throughput",385.482844GB/s,385.496117GB/s,385.489480GB/s
"NVIDIA TITAN V (0)","void add_kernel<double>(double const *, double const *, double*)",2,"dram_write_throughput","Device Memory Write Throughput",192.737341GB/s,192.744172GB/s,192.740756GB/s
"NVIDIA TITAN V (0)","void add_kernel<double>(double const *, double const *, double*)",2,"tex_cache_throughput","Unified cache to Multiprocessor throughput",481.850999GB/s,481.870134GB/s,481.860566GB/s
"NVIDIA TITAN V (0)","void add_kernel<double>(double const *, double const *, double*)",2,"l2_read_throughput","L2 Throughput (Reads)",385.485317GB/s,385.497387GB/s,385.491352GB/s
"NVIDIA TITAN V (0)","void add_kernel<double>(double const *, double const *, double*)",2,"l2_write_throughput","L2 Throughput (Writes)",192.740430GB/s,192.748084GB/s,192.744257GB/s
"NVIDIA TITAN V (0)","void add_kernel<double>(double const *, double const *, double*)",2,"sysmem_read_throughput","System Memory Read Throughput",0.000000B/s,0.000000B/s,0.000000B/s
"NVIDIA TITAN V (0)","void add_kernel<double>(double const *, double const *, double*)",2,"sysmem_write_throughput","System Memory Write Throughput",10.104492KB/s,10.105469KB/s,10.104492KB/s
"NVIDIA TITAN V (0)","void add_kernel<double>(double const *, double const *, double*)",2,"local_load_throughput","Local Memory Load Throughput",0.000000B/s,0.000000B/s,0.000000B/s
"NVIDIA TITAN V (0)","void add_kernel<double>(double const *, double const *, double*)",2,"local_store_throughput","Local Memory Store Throughput",0.000000B/s,0.000000B/s,0.000000B/s
"NVIDIA TITAN V (0)","void add_kernel<double>(double const *, double const *, double*)",2,"shared_load_throughput","Shared Memory Load Throughput",0.000000B/s,0.000000B/s,0.000000B/s
"NVIDIA TITAN V (0)","void add_kernel<double>(double const *, double const *, double*)",2,"shared_store_throughput","Shared Memory Store Throughput",0.000000B/s,0.000000B/s,0.000000B/s
"NVIDIA TITAN V (0)","void add_kernel<double>(double const *, double const *, double*)",2,"l2_atomic_throughput","L2 Throughput (Atomic requests)",0.000000B/s,0.000000B/s,0.000000B/s
"NVIDIA TITAN V (0)","void add_kernel<double>(double const *, double const *, double*)",2,"ipc","Executed IPC",0.105518,0.105532,0.105525
"NVIDIA TITAN V (0)","void add_kernel<double>(double const *, double const *, double*)",2,"sm_efficiency","Multiprocessor Activity",99.961621%,99.962977%,99.962299%
"NVIDIA TITAN V (0)","void add_kernel<double>(double const *, double const *, double*)",2,"achieved_occupancy","Achieved Occupancy",0.877327,0.878261,0.877794
"NVIDIA TITAN V (0)","void copy_kernel<double>(double const *, double*)",2,"warp_execution_efficiency","Warp Execution Efficiency",100.000000%,100.000000%,100.000000%
"NVIDIA TITAN V (0)","void copy_kernel<double>(double const *, double*)",2,"gld_throughput","Global Load Throughput",279.335615GB/s,279.379189GB/s,279.357400GB/s
"NVIDIA TITAN V (0)","void copy_kernel<double>(double const *, double*)",2,"gst_throughput","Global Store Throughput",279.335615GB/s,279.379189GB/s,279.357400GB/s
"NVIDIA TITAN V (0)","void copy_kernel<double>(double const *, double*)",2,"dram_read_throughput","Device Memory Read Throughput",279.337216GB/s,279.379203GB/s,279.358208GB/s
"NVIDIA TITAN V (0)","void copy_kernel<double>(double const *, double*)",2,"dram_write_throughput","Device Memory Write Throughput",279.324090GB/s,279.370590GB/s,279.347338GB/s
"NVIDIA TITAN V (0)","void copy_kernel<double>(double const *, double*)",2,"tex_cache_throughput","Unified cache to Multiprocessor throughput",419.003423GB/s,419.068783GB/s,419.036101GB/s
"NVIDIA TITAN V (0)","void copy_kernel<double>(double const *, double*)",2,"l2_read_throughput","L2 Throughput (Reads)",279.337470GB/s,279.383849GB/s,279.360658GB/s
"NVIDIA TITAN V (0)","void copy_kernel<double>(double const *, double*)",2,"l2_write_throughput","L2 Throughput (Writes)",279.335660GB/s,279.379234GB/s,279.357445GB/s
"NVIDIA TITAN V (0)","void copy_kernel<double>(double const *, double*)",2,"sysmem_read_throughput","System Memory Read Throughput",0.000000B/s,0.000000B/s,0.000000B/s
"NVIDIA TITAN V (0)","void copy_kernel<double>(double const *, double*)",2,"sysmem_write_throughput","System Memory Write Throughput",14.644531KB/s,14.647461KB/s,14.645508KB/s
"NVIDIA TITAN V (0)","void copy_kernel<double>(double const *, double*)",2,"local_load_throughput","Local Memory Load Throughput",0.000000B/s,0.000000B/s,0.000000B/s
"NVIDIA TITAN V (0)","void copy_kernel<double>(double const *, double*)",2,"local_store_throughput","Local Memory Store Throughput",0.000000B/s,0.000000B/s,0.000000B/s
"NVIDIA TITAN V (0)","void copy_kernel<double>(double const *, double*)",2,"shared_load_throughput","Shared Memory Load Throughput",0.000000B/s,0.000000B/s,0.000000B/s
"NVIDIA TITAN V (0)","void copy_kernel<double>(double const *, double*)",2,"shared_store_throughput","Shared Memory Store Throughput",0.000000B/s,0.000000B/s,0.000000B/s
"NVIDIA TITAN V (0)","void copy_kernel<double>(double const *, double*)",2,"l2_atomic_throughput","L2 Throughput (Atomic requests)",0.000000B/s,0.000000B/s,0.000000B/s
"NVIDIA TITAN V (0)","void copy_kernel<double>(double const *, double*)",2,"ipc","Executed IPC",0.120201,0.134187,0.127194
"NVIDIA TITAN V (0)","void copy_kernel<double>(double const *, double*)",2,"sm_efficiency","Multiprocessor Activity",99.942646%,99.943922%,99.943284%
"NVIDIA TITAN V (0)","void copy_kernel<double>(double const *, double*)",2,"achieved_occupancy","Achieved Occupancy",0.857947,0.862575,0.860261
"NVIDIA TITAN V (0)","void dot_kernel<double>(double const *, double const *, double*, unsigned int)",2,"warp_execution_efficiency","Warp Execution Efficiency",99.999019%,99.999019%,99.999019%
"NVIDIA TITAN V (0)","void dot_kernel<double>(double const *, double const *, double*, unsigned int)",2,"gld_throughput","Global Load Throughput",603.337663GB/s,603.769566GB/s,603.553537GB/s
"NVIDIA TITAN V (0)","void dot_kernel<double>(double const *, double const *, double*, unsigned int)",2,"gst_throughput","Global Store Throughput",809.785156KB/s,810.365234KB/s,810.074219KB/s
"NVIDIA TITAN V (0)","void dot_kernel<double>(double const *, double const *, double*, unsigned int)",2,"dram_read_throughput","Device Memory Read Throughput",603.338088GB/s,603.769581GB/s,603.553757GB/s
"NVIDIA TITAN V (0)","void dot_kernel<double>(double const *, double const *, double*, unsigned int)",2,"dram_write_throughput","Device Memory Write Throughput",230.603570MB/s,230.830475MB/s,230.716981MB/s
"NVIDIA TITAN V (0)","void dot_kernel<double>(double const *, double const *, double*, unsigned int)",2,"tex_cache_throughput","Unified cache to Multiprocessor throughput",603.853541GB/s,604.285813GB/s,604.069600GB/s
"NVIDIA TITAN V (0)","void dot_kernel<double>(double const *, double const *, double*, unsigned int)",2,"l2_read_throughput","L2 Throughput (Reads)",603.337952GB/s,603.771474GB/s,603.554636GB/s
"NVIDIA TITAN V (0)","void dot_kernel<double>(double const *, double const *, double*, unsigned int)",2,"l2_write_throughput","L2 Throughput (Writes)",860.397461KB/s,861.012695KB/s,860.704102KB/s
"NVIDIA TITAN V (0)","void dot_kernel<double>(double const *, double const *, double*, unsigned int)",2,"sysmem_read_throughput","System Memory Read Throughput",0.000000B/s,0.000000B/s,0.000000B/s
"NVIDIA TITAN V (0)","void dot_kernel<double>(double const *, double const *, double*, unsigned int)",2,"sysmem_write_throughput","System Memory Write Throughput",15.815430KB/s,15.827148KB/s,15.820312KB/s
"NVIDIA TITAN V (0)","void dot_kernel<double>(double const *, double const *, double*, unsigned int)",2,"local_load_throughput","Local Memory Load Throughput",0.000000B/s,0.000000B/s,0.000000B/s
"NVIDIA TITAN V (0)","void dot_kernel<double>(double const *, double const *, double*, unsigned int)",2,"local_store_throughput","Local Memory Store Throughput",0.000000B/s,0.000000B/s,0.000000B/s
"NVIDIA TITAN V (0)","void dot_kernel<double>(double const *, double const *, double*, unsigned int)",2,"shared_load_throughput","Shared Memory Load Throughput",427.109778MB/s,427.403162MB/s,427.256417MB/s
"NVIDIA TITAN V (0)","void dot_kernel<double>(double const *, double const *, double*, unsigned int)",2,"shared_store_throughput","Shared Memory Store Throughput",630.724157MB/s,631.768091MB/s,631.246310MB/s
"NVIDIA TITAN V (0)","void dot_kernel<double>(double const *, double const *, double*, unsigned int)",2,"l2_atomic_throughput","L2 Throughput (Atomic requests)",0.000000B/s,0.000000B/s,0.000000B/s
"NVIDIA TITAN V (0)","void dot_kernel<double>(double const *, double const *, double*, unsigned int)",2,"ipc","Executed IPC",0.140059,0.140709,0.140384
"NVIDIA TITAN V (0)","void dot_kernel<double>(double const *, double const *, double*, unsigned int)",2,"sm_efficiency","Multiprocessor Activity",84.831078%,85.082493%,84.956785%
"NVIDIA TITAN V (0)","void dot_kernel<double>(double const *, double const *, double*, unsigned int)",2,"achieved_occupancy","Achieved Occupancy",0.994982,0.999904,0.997443
