==2106999== NVPROF is profiling process 2106999, command: /home/share/benchmarks/EMOGI/bfs -f ../Data/Synthesis/EMOGI_Synthesized/1_ll_5k_ele.bel -t 1 -m 0 -i 1
==2106999== Some kernel(s) will be replayed on device 0 in order to collect all events/metrics.
==2106999== Profiling application: /home/share/benchmarks/EMOGI/bfs -f ../Data/Synthesis/EMOGI_Synthesized/1_ll_5k_ele.bel -t 1 -m 0 -i 1
==2106999== Profiling result:
==2106999== Metric result:
"Device","Kernel","Invocations","Metric Name","Metric Description","Min","Max","Avg"
"NVIDIA TITAN V (0)","kernel_coalesce(unsigned int*, unsigned int, unsigned long, unsigned long const *, unsigned long const *, bool*)",4998,"warp_execution_efficiency","Warp Execution Efficiency",99.992590%,99.994520%,99.993502%
"NVIDIA TITAN V (0)","kernel_coalesce(unsigned int*, unsigned int, unsigned long, unsigned long const *, unsigned long const *, bool*)",4998,"gld_throughput","Global Load Throughput",24.820382GB/s,27.148282GB/s,26.700172GB/s
"NVIDIA TITAN V (0)","kernel_coalesce(unsigned int*, unsigned int, unsigned long, unsigned long const *, unsigned long const *, bool*)",4998,"gst_throughput","Global Store Throughput",0.000000B/s,11.115490MB/s,10.929659MB/s
"NVIDIA TITAN V (0)","kernel_coalesce(unsigned int*, unsigned int, unsigned long, unsigned long const *, unsigned long const *, bool*)",4998,"dram_read_throughput","Device Memory Read Throughput",0.000000B/s,3.975775GB/s,947.273000MB/s
"NVIDIA TITAN V (0)","kernel_coalesce(unsigned int*, unsigned int, unsigned long, unsigned long const *, unsigned long const *, bool*)",4998,"dram_write_throughput","Device Memory Write Throughput",0.000000B/s,41.851524GB/s,555.308290MB/s
"NVIDIA TITAN V (0)","kernel_coalesce(unsigned int*, unsigned int, unsigned long, unsigned long const *, unsigned long const *, bool*)",4998,"tex_cache_throughput","Unified cache to Multiprocessor throughput",749.712502GB/s,820.027916GB/s,806.492521GB/s
"NVIDIA TITAN V (0)","kernel_coalesce(unsigned int*, unsigned int, unsigned long, unsigned long const *, unsigned long const *, bool*)",4998,"l2_read_throughput","L2 Throughput (Reads)",3.587592GB/s,5.459477GB/s,4.369521GB/s
"NVIDIA TITAN V (0)","kernel_coalesce(unsigned int*, unsigned int, unsigned long, unsigned long const *, unsigned long const *, bool*)",4998,"l2_write_throughput","L2 Throughput (Writes)",87.552671MB/s,41.618908GB/s,134.912257MB/s
"NVIDIA TITAN V (0)","kernel_coalesce(unsigned int*, unsigned int, unsigned long, unsigned long const *, unsigned long const *, bool*)",4998,"sysmem_read_throughput","System Memory Read Throughput",0.000000B/s,0.000000B/s,0.000000B/s
"NVIDIA TITAN V (0)","kernel_coalesce(unsigned int*, unsigned int, unsigned long, unsigned long const *, unsigned long const *, bool*)",4998,"sysmem_write_throughput","System Memory Write Throughput",25.405909MB/s,27.788725MB/s,27.329873MB/s
"NVIDIA TITAN V (0)","kernel_coalesce(unsigned int*, unsigned int, unsigned long, unsigned long const *, unsigned long const *, bool*)",4998,"local_load_throughput","Local Memory Load Throughput",0.000000B/s,0.000000B/s,0.000000B/s
"NVIDIA TITAN V (0)","kernel_coalesce(unsigned int*, unsigned int, unsigned long, unsigned long const *, unsigned long const *, bool*)",4998,"local_store_throughput","Local Memory Store Throughput",0.000000B/s,0.000000B/s,0.000000B/s
"NVIDIA TITAN V (0)","kernel_coalesce(unsigned int*, unsigned int, unsigned long, unsigned long const *, unsigned long const *, bool*)",4998,"shared_load_throughput","Shared Memory Load Throughput",0.000000B/s,0.000000B/s,0.000000B/s
"NVIDIA TITAN V (0)","kernel_coalesce(unsigned int*, unsigned int, unsigned long, unsigned long const *, unsigned long const *, bool*)",4998,"shared_store_throughput","Shared Memory Store Throughput",0.000000B/s,0.000000B/s,0.000000B/s
"NVIDIA TITAN V (0)","kernel_coalesce(unsigned int*, unsigned int, unsigned long, unsigned long const *, unsigned long const *, bool*)",4998,"l2_atomic_throughput","L2 Throughput (Atomic requests)",0.000000B/s,0.000000B/s,0.000000B/s
"NVIDIA TITAN V (0)","kernel_coalesce(unsigned int*, unsigned int, unsigned long, unsigned long const *, unsigned long const *, bool*)",4998,"ipc","Executed IPC",1.057222,1.642496,1.459920
"NVIDIA TITAN V (0)","kernel_coalesce(unsigned int*, unsigned int, unsigned long, unsigned long const *, unsigned long const *, bool*)",4998,"sm_efficiency","Multiprocessor Activity",31.792897%,43.212384%,35.770026%
"NVIDIA TITAN V (0)","kernel_coalesce(unsigned int*, unsigned int, unsigned long, unsigned long const *, unsigned long const *, bool*)",4998,"achieved_occupancy","Achieved Occupancy",0.527989,0.709924,0.588328
