==2107000== NVPROF is profiling process 2107000, command: /home/share/benchmarks/EMOGI/bfs -f ../Data/Synthesis/EMOGI_Synthesized/1_ll_5k_ele.bel -t 1 -m 0 -i 1
==2107000== Some kernel(s) will be replayed on device 0 in order to collect all events/metrics.
==2107000== Profiling application: /home/share/benchmarks/EMOGI/bfs -f ../Data/Synthesis/EMOGI_Synthesized/1_ll_5k_ele.bel -t 1 -m 0 -i 1
==2107000== Profiling result:
==2107000== Metric result:
"Device","Kernel","Invocations","Metric Name","Metric Description","Min","Max","Avg"
"NVIDIA TITAN V (0)","kernel_coalesce(unsigned int*, unsigned int, unsigned long, unsigned long const *, unsigned long const *, bool*)",4998,"warp_execution_efficiency","Warp Execution Efficiency",99.992590%,99.994520%,99.993502%
"NVIDIA TITAN V (0)","kernel_coalesce(unsigned int*, unsigned int, unsigned long, unsigned long const *, unsigned long const *, bool*)",4998,"gld_throughput","Global Load Throughput",23.409425GB/s,27.895063GB/s,27.302273GB/s
"NVIDIA TITAN V (0)","kernel_coalesce(unsigned int*, unsigned int, unsigned long, unsigned long const *, unsigned long const *, bool*)",4998,"gst_throughput","Global Store Throughput",0.000000B/s,11.421248MB/s,11.176128MB/s
"NVIDIA TITAN V (0)","kernel_coalesce(unsigned int*, unsigned int, unsigned long, unsigned long const *, unsigned long const *, bool*)",4998,"dram_read_throughput","Device Memory Read Throughput",0.000000B/s,4.145932GB/s,911.442286MB/s
"NVIDIA TITAN V (0)","kernel_coalesce(unsigned int*, unsigned int, unsigned long, unsigned long const *, unsigned long const *, bool*)",4998,"dram_write_throughput","Device Memory Write Throughput",0.000000B/s,4.019538GB/s,520.600416MB/s
"NVIDIA TITAN V (0)","kernel_coalesce(unsigned int*, unsigned int, unsigned long, unsigned long const *, unsigned long const *, bool*)",4998,"tex_cache_throughput","Unified cache to Multiprocessor throughput",707.093795GB/s,842.584821GB/s,824.679309GB/s
"NVIDIA TITAN V (0)","kernel_coalesce(unsigned int*, unsigned int, unsigned long, unsigned long const *, unsigned long const *, bool*)",4998,"l2_read_throughput","L2 Throughput (Reads)",3.383649GB/s,5.455284GB/s,4.450449GB/s
"NVIDIA TITAN V (0)","kernel_coalesce(unsigned int*, unsigned int, unsigned long, unsigned long const *, unsigned long const *, bool*)",4998,"l2_write_throughput","L2 Throughput (Writes)",86.261998MB/s,372.234365MB/s,101.620983MB/s
"NVIDIA TITAN V (0)","kernel_coalesce(unsigned int*, unsigned int, unsigned long, unsigned long const *, unsigned long const *, bool*)",4998,"sysmem_read_throughput","System Memory Read Throughput",0.000000B/s,0.000000B/s,0.000000B/s
"NVIDIA TITAN V (0)","kernel_coalesce(unsigned int*, unsigned int, unsigned long, unsigned long const *, unsigned long const *, bool*)",4998,"sysmem_write_throughput","System Memory Write Throughput",23.961666MB/s,28.553123MB/s,27.946175MB/s
"NVIDIA TITAN V (0)","kernel_coalesce(unsigned int*, unsigned int, unsigned long, unsigned long const *, unsigned long const *, bool*)",4998,"local_load_throughput","Local Memory Load Throughput",0.000000B/s,0.000000B/s,0.000000B/s
"NVIDIA TITAN V (0)","kernel_coalesce(unsigned int*, unsigned int, unsigned long, unsigned long const *, unsigned long const *, bool*)",4998,"local_store_throughput","Local Memory Store Throughput",0.000000B/s,0.000000B/s,0.000000B/s
"NVIDIA TITAN V (0)","kernel_coalesce(unsigned int*, unsigned int, unsigned long, unsigned long const *, unsigned long const *, bool*)",4998,"shared_load_throughput","Shared Memory Load Throughput",0.000000B/s,0.000000B/s,0.000000B/s
"NVIDIA TITAN V (0)","kernel_coalesce(unsigned int*, unsigned int, unsigned long, unsigned long const *, unsigned long const *, bool*)",4998,"shared_store_throughput","Shared Memory Store Throughput",0.000000B/s,0.000000B/s,0.000000B/s
"NVIDIA TITAN V (0)","kernel_coalesce(unsigned int*, unsigned int, unsigned long, unsigned long const *, unsigned long const *, bool*)",4998,"l2_atomic_throughput","L2 Throughput (Atomic requests)",0.000000B/s,0.000000B/s,0.000000B/s
"NVIDIA TITAN V (0)","kernel_coalesce(unsigned int*, unsigned int, unsigned long, unsigned long const *, unsigned long const *, bool*)",4998,"ipc","Executed IPC",1.065195,1.639157,1.453823
"NVIDIA TITAN V (0)","kernel_coalesce(unsigned int*, unsigned int, unsigned long, unsigned long const *, unsigned long const *, bool*)",4998,"sm_efficiency","Multiprocessor Activity",29.531926%,44.509357%,37.121451%
"NVIDIA TITAN V (0)","kernel_coalesce(unsigned int*, unsigned int, unsigned long, unsigned long const *, unsigned long const *, bool*)",4998,"achieved_occupancy","Achieved Occupancy",0.532119,0.700996,0.590285
